{"cameraMode":{"drawMode":0,"name":"Shaded","section":"Shading Mode"},"sceneLighting":true,"audioPlay":false,"sceneViewState":{"showFog":true,"showMaterialUpdate":false,"showSkybox":true,"showFlares":true,"showImageEffects":true,"showParticleSystems":true,"showVisualEffectGraphs":true,"m_FxEnabled":true},"in2DMode":false,"pivot":{"x":37.789695739746097,"y":175.62374877929688,"z":160.7161865234375},"rotation":{"x":-0.0017701853066682816,"y":0.9965784549713135,"z":0.022118300199508668,"w":0.07969701290130615},"size":5.555026054382324,"orthographic":false}