{"cameraMode":{"drawMode":0,"name":"Shaded","section":"Shading Mode"},"sceneLighting":true,"audioPlay":false,"sceneViewState":{"showFog":true,"showMaterialUpdate":false,"showSkybox":true,"showFlares":true,"showImageEffects":true,"showParticleSystems":true,"showVisualEffectGraphs":true,"m_FxEnabled":true},"in2DMode":false,"pivot":{"x":273.5137634277344,"y":92.41952514648438,"z":10.680294036865235},"rotation":{"x":-0.04079244285821915,"y":-0.017389239743351938,"z":0.0006971017573960125,"w":-0.9990288615226746},"size":100.71241760253906,"orthographic":false}